case_id,criterion,pull,argument
C-1,requirements,predictive,"Формат пакета і перелік контролів опубліковані регулятором, редакції виходять раз на рік і за півроку нових вимог не з'являлося"
C-1,technology,adaptive,"Стек команді відомий, але API державного реєстру нове, документація неповна, два методи змінювали поведінку без попередження, а пісочниця нестабільна"
C-1,release_cost,predictive,"Помилка призводить до неприйняття звітності регулятором, ручного виправлення і повторного подання, а встановлена дата подання не переноситься"
C-1,customer,predictive,"Контактна особа відповідає за три-п'ять робочих днів, не приходить на щотижневі демо і очікує підсумок лише після завершення етапу"
C-1,contract,predictive,"Проєкт виграно на тендері за fixed price, обсяг закріплений у технічному завданні, а зміна потребує додаткової угоди та приблизно двох тижнів погодження"
C-1,team,predictive,"Із семи членів команди троє працюють у підрядника в іншому місті за власним графіком, а єдиний тестувальник одночасно зайнятий ще на одному проєкті"
C-2,requirements,adaptive,"Вимоги формуються як гіпотези, кожні два тижні проходять інтерв'ю з користувачами, після яких беклог змінюється і річного плану функцій немає"
C-2,technology,predictive,"Команда використовує знайомий стек, платіжний провайдер має нормальну документацію та робочу пісочницю, а автоматичний відкат уже перевірений на практиці"
C-2,release_cost,predictive,"Помилка саме у грошовій частині може спричинити неправильне списання комісії або застави, ручні повернення, скарги користувачів і перегляд умов банком-еквайром"
C-2,customer,adaptive,"Співзасновник продукту працює поруч із командою, щоп'ятниці дивиться демо, відповідає в чаті приблизно за півгодини і сам ухвалює рішення щодо обсягу"
C-2,contract,adaptive,"Зовнішнього договору і зафіксованого обсягу немає, команда має бюджет на дев'ять місяців і може змінювати склад функцій відповідно до продуктового зворотного зв'язку"
C-2,team,adaptive,"П'ятеро членів команди працюють в одній кімнаті, вузьких спеціалізацій немає і кожен може брати суміжні задачі, тому команда здатна швидко перебудовувати роботу"
C-3,requirements,adaptive,"Формальний процес не відповідає реальному, на кожному демо виявляються нові винятки в погодженні договорів і ніхто не знає, скільки таких винятків ще залишилося"
C-3,technology,adaptive,"Стек команді знайомий, але схему старої системи не задокументовано, якість даних невідома і перше вивантаження показало відсутнє поле контрагента приблизно у восьмої частини договорів"
C-3,release_cost,predictive,"Більшість помилок виправляються швидко, але помилка в щомісячному нарахуванні виявляється вже після передачі даних у бухгалтерію та проведення платежів контрагентам"
C-3,customer,adaptive,"Керівниця юридичного відділу доступна щотижня, приводить на демо майбутніх користувачів і дає детальний зворотний зв'язок щодо реального процесу роботи"
C-3,contract,predictive,"Договір fixed price, бюджет на рік не може бути збільшений, технічне завдання створили до виявлення винятків, а зміна обсягу потребує підпису фінансового директора"
C-3,team,adaptive,"Четверо членів команди працюють в одному офісі вже два роки, спокійно беруть суміжні задачі й мають досвід спільної роботи, хоча PM залучений лише на половину ставки"
